{
    "dev": {
        "awscloudformation": {
            "AuthRoleName": "cbsbackend-20190303232037-authRole",
            "UnauthRoleArn": "arn:aws:iam::368624857519:role/cbsbackend-20190303232037-unauthRole",
            "AuthRoleArn": "arn:aws:iam::368624857519:role/cbsbackend-20190303232037-authRole",
            "Region": "ap-southeast-1",
            "DeploymentBucketName": "cbsbackend-20190303232037-deployment",
            "UnauthRoleName": "cbsbackend-20190303232037-unauthRole",
            "StackName": "cbsbackend-20190303232037",
            "StackId": "arn:aws:cloudformation:ap-southeast-1:368624857519:stack/cbsbackend-20190303232037/47d53dc0-3dd0-11e9-b33d-0a996106fc92"
        }
    }
}